[
  {
    "customerID": "23",
    "firstName": "John",
    "lastName": "Smith",
    "referredBy": "Me",
    "address": "1313 Hummningbirdbird Lane",
    "city": "Destin",
    "state": "FL",
    "zip": "37932",
    "homePhone": "865-555-5555",
    "cellPhone": "555-555-5555",
    "email": "me@my.com"

  },
  {
    "customerID": "21",
    "firstName": "John",
    "lastName": "Smith",
    "referredBy": "Me",
    "address": "1313 Hummningbirdbird Lane",
    "city": "Destin",
    "state": "FL",
    "zip": "37932",
    "homePhone": "865-555-5555",
    "cellPhone": "555-555-5555",
    "email": "me@my.com"

  },
  {
    "customerID":  "88",
    "firstName": "Johnny",
    "lastName": "Jameson",
    "referredBy": "Me",
    "address": "1313 Hummningbirdbird Lane",
    "city": "Destin",
    "state": "FL",
    "zip": "37932",
    "homePhone": "865-555-5555",
    "cellPhone": "555-555-5555",
    "email": "me@my.com"

  }
]

 